id_original,id_simple,delta13_C,total_C_ug,C Comment,delta15_N,total_N_ug,N Comment,tray_name,lake,year,well_id,material_type,Analysis,sample_weight,Internal ID,Analysis Number,Mass Spec
SB157-2018,SB157,-32.12,94.9,Precision decreases for samples containing less than 100ugC,9.78,25.56,,SB2018,SB,2018,B11,fish,"13C, 15N",1.3,1806470,520406,Q
MCDzb8719,MCDzb8719,-26.55,143.77,,3.51,29.71,,MCD2019-1,MCD,2019,E11,zoobenthos,"13C, 15N",0.4,1806554,520775,Q
MCD350-2020,MCD350,-29.98,163.38,,2.21,30.91,,MCD2020,MCD,2020,H1,fish,"13C, 15N",1.3,1806784,521097,Q
MCDzb81417,MCDzb81417,-29.79,189.14,,3.76,32.88,,MCD2017,MCD,2017,C12,zoobenthos,"13C, 15N",0.5,1806303,519992,Q
SBzb62718,SBzb62718,-32.29,273.58,,2.41,49.5,,SB2018,SB,2018,B7,zoobenthos,"13C, 15N",0.7,1806466,520402,Q
MCD586-2018,MCD586,-25.47,165.87,,8.23,50.71,,MCD2018,MCD,2018,A1,fish,"13C, 15N",1.3,1806364,520285,Q
SB19,SB19,-29.6,175.18,,10.91,55.62,,SB2017,SB,2017,D5,fish,"13C, 15N",1.3,1806260,520271,Q
MCD104-2020,MCD104,-20.71,329.72,,3.7,56.99,,MCD2020,MCD,2020,H5,fish,"13C, 15N",1.3,1806788,521101,Q
SBzb62420,SBzb62420,-32.12,320.59,,3.31,66.58,,SB2020,SB,2020,A6,zoobenthos,"13C, 15N",1.6,1806657,520905,Q
CS04,CS04,-24.12,231.36,,10.65,74.48,,MCD2018,MCD,2018,B9,fish,"13C, 15N",0.5,1806384,520304,Q
MCD306-2020,MCD306,-31.07,337.59,,6.86,79.92,,MCD2020,MCD,2020,D6,fish,"13C, 15N",1.4,1806741,521040,Q
TL275,TL275,-25.04,523.89,,2.92,81.49,,MCD2020,MCD,2020,H3,fish,"13C, 15N",1.4,1806786,521099,Q
MCD076-2018,MCD076,-26.69,310.11,,7.16,92.1,,MCD2018,MCD,2018,E3,fish,"13C, 15N",1.6,1806414,520346,Q
AA077,AA077,-27.04,466.31,,2.6,94.6,,SB2020,SB,2020,A2,zoobenthos,"13C, 15N",1.8,1806653,520901,Q
AA078,AA078,-29.92,493.51,,1.84,96.61,,SB2020,SB,2020,A3,zoobenthos,"13C, 15N",1,1806654,520902,Q
MCD474-2018,MCD474,-26.8,339.4,,8.97,103.65,,MCD2018,MCD,2018,D10,fish,"13C, 15N",1.5,1806409,520337,Q
SBzb81518,SBzb81518,-56.36,537.06,,-3.36,110.66,,SB2018,SB,2018,B6,zoobenthos,"13C, 15N",1.3,1806465,520401,Q
SBzoop17,SBzoop17,-35.08,611.43,,3.13,111.28,,SB2017,SB,2017,B6,zooplankton,"13C, 15N",1.7,1806237,520242,Q
MCD082-2020,MCD082,-25.02,520.68,,2.63,114.42,,MCD2020,MCD,2020,H4,fish,"13C, 15N",1.2,1806787,521100,Q
MCD053-2020,MCD053,-32.29,597.18,,2.96,115.47,,MCD2020,MCD,2020,H2,fish,"13C, 15N",1.3,1806785,521098,Q
MCD033,MCD033,-29.9,415.66,,6.96,120.79,,MCD2017,MCD,2017,E2,fish,"13C, 15N",0.8,1806317,520014,Q
TL276,TL276,-29.3,384.77,,6.37,121.82,,MCD2020,MCD,2020,C11,fish,"13C, 15N",1.5,1806734,521029,Q
CS18,CS18,-30.77,396.36,,11.43,123.82,,SB2018,SB,2018,D4,fish,"13C, 15N",0.9,1806487,520431,Q
MCD238-2018,MCD238,-26.79,398.07,,9.35,124.38,,MCD2018,MCD,2018,A4,fish,"13C, 15N",1.6,1806367,520288,Q
MCD208-2018,MCD208,-28.05,414.66,,7.23,124.38,,MCD2018,MCD,2018,E9,fish,"13C, 15N",1.3,1806420,520352,Q
MCDzb8117,MCDzb8117,-20.86,599.1,,1.36,125.72,,MCD2017,MCD,2017,C11,zoobenthos,"13C, 15N",2,1806302,519991,Q
SB313-2018,SB313,-34.44,417.26,,8.35,125.85,,SB2018,SB,2018,A3,fish,"13C, 15N",1.3,1806450,520384,Q
MCD123-2020,MCD123,-26.28,403.88,,8.91,126.92,,MCD2020,MCD,2020,G3,fish,"13C, 15N",1.2,1806774,521085,Q
MCD252-2020,MCD252,-29.36,704.23,,7.12,127.52,,MCD2020,MCD,2020,D5,fish,"13C, 15N",1.3,1806740,521039,Q
MCD057-2019,MCD057,-29.36,425.01,,6.13,130.24,,MCD2019-1,MCD,2019,F7,fish,"13C, 15N",1.6,1806562,520787,Q
TL03,TL03,-32.94,423.92,,8.72,131.1,,SB2017,SB,2017,C1,fish,"13C, 15N",1.2,1806244,520253,Q
TL27,TL27,-33,423.92,,8.24,131.1,,SB2017,SB,2017,C7,fish,"13C, 15N",1.1,1806250,520259,Q
MCD355-2020,MCD355,-27.85,578.39,,6.7,131.17,,MCD2020,MCD,2020,D3,fish,"13C, 15N",1.4,1806738,521037,Q
AA104,AA104,-28.6,536.61,,5.94,131.87,,MCD2020,MCD,2020,C2,fish,"13C, 15N",1.3,1806725,521020,Q
SB003-2019,SB003,-30.99,502.82,,6.85,132.97,,SB2019,SB,2019,A9,fish,"13C, 15N",1,1806600,520837,Q
SB268-2018,SB268,-33.3,449.31,,9.36,133.15,,SB2018,SB,2018,C5,fish,"13C, 15N",1.2,1806476,520418,Q
AA075,AA075,-31.42,663.33,,4.04,134.41,,SB2020,SB,2020,A4,zoobenthos,"13C, 15N",1.3,1806655,520903,Q
SB261-2019,SB261,-32.27,454.4,,6.28,134.57,,SB2019,SB,2019,B9,fish,"13C, 15N",1.3,1806612,520851,Q
MCD247-2019,MCD247,-27.59,512.14,,5.95,135.5,,MCD2019-1,MCD,2019,C4,fish,"13C, 15N",1.5,1806523,520736,Q
MCD136-2020,MCD136,-31.83,600.16,,3,138.51,,MCD2020,MCD,2020,H6,fish,"13C, 15N",1.5,1806789,521102,Q
TL29,TL29,-33.74,464.47,,7.97,138.93,,SB2017,SB,2017,C6,fish,"13C, 15N",1,1806249,520258,Q
AA055,AA055,-30.93,490.63,,8.35,140.87,,MCD2020,MCD,2020,G4,fish,"13C, 15N",1.4,1806775,521086,Q
MCD432-2020,MCD432,-26.8,502.88,,8.11,141.2,,MCD2020,MCD,2020,E2,fish,"13C, 15N",1.4,1806749,521050,Q
MCD156-2020,MCD156,-28.35,480.17,,7.32,141.24,,MCD2020,MCD,2020,B12,fish,"13C, 15N",1.3,1806723,521012,Q
TL239,TL239,-28.76,454.5,,5.65,141.36,,MCD2017,MCD,2017,G12,fish,"13C, 15N",1,1806351,520056,Q
MCD314-2019,MCD314,-28.88,683.47,,5.86,142.4,,MCD2019-1,MCD,2019,C3,fish,"13C, 15N",1.3,1806522,520735,Q
TL104,TL104,-32.99,466.31,,9.35,142.66,,SB2017,SB,2017,D9,fish,"13C, 15N",1.2,1806264,520275,Q
MCD299-2018,MCD299,-28.69,478.21,,7.87,142.91,,MCD2018,MCD,2018,E4,fish,"13C, 15N",1.3,1806415,520347,Q
TL279,TL279,-31.98,458.29,,10.67,143.88,,SB2020,SB,2020,D1,fish,"13C, 15N",1,1806688,520977,Q
HE40,HE40,-30.7,483.07,,5.92,144.51,,MCD2017,MCD,2017,D12,fish,"13C, 15N",1,1806315,520007,Q
SB018-2020,SB018,-34.87,469.94,,7.98,144.85,,SB2020,SB,2020,C7,fish,"13C, 15N",1.1,1806682,520965,Q
MCD422-2019,MCD422,-27.39,473.69,,7.13,146.05,,MCD2019-1,MCD,2019,C9,fish,"13C, 15N",1.5,1806528,520741,Q
MCD177-2019,MCD177,-28.32,488.44,,6.98,148.21,,MCD2019-1,MCD,2019,E3,fish,"13C, 15N",1.3,1806546,520767,Q
MCD204-2018,MCD204,-26.68,491.49,,7.43,148.68,,MCD2018,MCD,2018,E8,fish,"13C, 15N",1.3,1806419,520351,Q
MCD163-2020,MCD163,-31.53,563.6,,3.08,148.81,,MCD2020,MCD,2020,H7,fish,"13C, 15N",1.4,1806790,521103,Q
AA085,AA085,-25.94,477.92,,7.64,148.97,,MCD2020,MCD,2020,B3,fish,"13C, 15N",1.6,1806714,521003,Q
SB5,SB5,-32.23,473.91,,10.33,149.78,,SB2019,SB,2019,B8,fish,"13C, 15N",1.1,1806611,520850,Q
AA082,AA082,-27.29,492.82,,5.62,149.89,,MCD2020,MCD,2020,B11,fish,"13C, 15N",1.3,1806722,521011,Q
AA056,AA056,-29.36,643.16,,5.95,149.93,,MCD2020,MCD,2020,D4,fish,"13C, 15N",1.3,1806739,521038,Q
MCD255-2019,MCD255,-27.96,558.72,,5.04,149.97,,MCD2019-1,MCD,2019,F12,fish,"13C, 15N",1.3,1806567,520792,Q
SB008-2020,SB008,-36.46,492.97,,7.95,150.04,,SB2020,SB,2020,D2,fish,"13C, 15N",1.3,1806689,520978,Q
MCD126-2020,MCD126,-27.05,487.8,,6.39,150.49,,MCD2020,MCD,2020,E8,fish,"13C, 15N",1.3,1806755,521056,Q
HE04,HE04,-33.12,482.89,,8.28,150.85,,SB2017,SB,2017,B8,fish,"13C, 15N",1.1,1806239,520244,Q
AA087,AA087,-29.9,491.81,,8.63,151.94,,MCD2020,MCD,2020,A2,zoobenthos,"13C, 15N",0.9,1806701,520988,Q
MCD283-2019,MCD283,-27.41,736.18,,2.19,151.94,,MCD2019-1,MCD,2019,E10,zoobenthos,"13C, 15N",1.6,1806553,520774,Q
SB061,SB061,-32.16,481.05,,9.98,151.97,,SB2017,SB,2017,B10,fish,"13C, 15N",1.3,1806241,520246,Q
MCD295-2019,MCD295,-27.73,628.95,,5.25,152.32,,MCD2019-1,MCD,2019,B2,fish,"13C, 15N",1.3,1806509,520718,Q
AA094,AA094,-26.1,499.57,,6.49,153.72,,MCD2020,MCD,2020,C5,fish,"13C, 15N",1.4,1806728,521023,Q
MCD214-2020,MCD214,-30.72,512.43,,8.1,153.81,,MCD2020,MCD,2020,A9,fish,"13C, 15N",1.5,1806708,520995,Q
MCD451-2020,MCD451,-29.26,498.26,,10.01,154.52,,MCD2020,MCD,2020,D7,fish,"13C, 15N",1.3,1806742,521041,Q
MCD167-2020,MCD167,-29.82,494.92,,7.72,154.76,,MCD2020,MCD,2020,H8,fish,"13C, 15N",1.4,1806791,521104,Q
SBzb8719,SBzb8719,-29.81,696.72,,4.7,154.79,,SB2019,SB,2019,C2,zoobenthos,"13C, 15N",1.5,1806617,520862,Q
MCD273-2019,MCD273,-28.44,573.37,,5.95,155.96,,MCD20192,MCD,2019,A1,fish,"13C, 15N",1.3,1806796,521111,Q
CS14,CS14,-24.81,508.77,,11.82,156.09,,SB2018,SB,2018,D2,fish,"13C, 15N",1.1,1806485,520429,Q
MCD001-2020,MCD001,-31.46,514.23,,6.89,156.16,,MCD2020,MCD,2020,G9,fish,"13C, 15N",1.3,1806780,521091,Q
MCD460-2018,MCD460,-26.11,511.22,,8.36,156.18,,MCD2018,MCD,2018,D9,fish,"13C, 15N",1.2,1806408,520336,Q
SB194-2018,SB194,-33.04,521.13,,9.26,156.29,,SB2018,SB,2018,B12,fish,"13C, 15N",1.3,1806471,520407,Q
HE144,HE144,-28.13,521.84,,4.83,156.3,,MCD2017,MCD,2017,D3,fish,"13C, 15N",1.2,1806306,519998,Q
SB306-2019,SB306,-32.55,518.69,,6.84,156.69,,SB2019,SB,2019,A6,fish,"13C, 15N",1.4,1806597,520834,Q
AA036,AA036,-29.06,527.31,,5.87,157.77,,MCD2020,MCD,2020,C3,fish,"13C, 15N",1.4,1806726,521021,Q
SB006-2019,SB006,-32.47,580.36,,5.03,158.1,,SB2019,SB,2019,C8,fish,"13C, 15N",1.4,1806623,520868,Q
HE115,HE115,-28.95,542.83,,5.07,158.8,,MCD2017,MCD,2017,E5,fish,"13C, 15N",1.1,1806320,520017,Q
SB038-2020,SB038,-31.56,532.98,,6.56,159.77,,SB2020,SB,2020,C9,fish,"13C, 15N",1.2,1806684,520967,Q
MCD244-2019,MCD244,-27.42,537.97,,8.38,159.9,,MCD2019-1,MCD,2019,D7,fish,"13C, 15N",1.5,1806538,520753,Q
MCDzoop62717,MCDzoop62717,-33.32,842.18,,1.25,161.51,,MCD2017,MCD,2017,D1,zooplankton,"13C, 15N",1.9,1806304,519996,Q
HE137,HE137,-28.23,577.76,,4.44,160.39,,MCD2017,MCD,2017,A7,fish,"13C, 15N",1.297,1806274,519952,Q
MCD1,MCD1,-26.68,502.07,,9.17,160.46,,MCD2019-1,MCD,2019,D10,fish,"13C, 15N",1.2,1806541,520756,Q
TL96,TL96,-33.63,519.68,,7.82,160.89,,SB2017,SB,2017,D12,fish,"13C, 15N",1,1806267,520278,Q
CS01,CS01,-23.68,508.75,,11.28,160.91,,MCD2018,MCD,2018,F3,fish,"13C, 15N",1.2,1806426,520360,Q
TL68,TL68,-27.95,514.45,,6.42,161.07,,MCD2017,MCD,2017,G2,fish,"13C, 15N",1.1,1806341,520046,Q
CS03,CS03,-24,517.44,,11.71,161.68,,MCD2018,MCD,2018,F5,fish,"13C, 15N",1.1,1806428,520362,Q
AA042,AA042,-29.45,545.59,,7.28,161.7,,MCD2020,MCD,2020,B6,fish,"13C, 15N",1.5,1806717,521006,Q
CS12,CS12,-30.46,520.56,,10.87,162.13,,SB2018,SB,2018,A11,fish,"13C, 15N",1.3,1806458,520392,Q
MCD186-2018,MCD186,-25.6,540.86,,7.28,162.31,,MCD2018,MCD,2018,E7,fish,"13C, 15N",1.1,1806418,520350,Q
TL207,TL207,-29.39,555.57,,4.91,162.39,,MCD2017,MCD,2017,H4,fish,"13C, 15N",1.2,1806355,520066,Q
SB206-2018,SB206,-34.14,542.37,,9.07,162.78,,SB2018,SB,2018,A1,fish,"13C, 15N",1.5,1806448,520382,Q
MCD025-2020,MCD025,-25.85,542.12,,6.03,162.78,,MCD2020,MCD,2020,F1,fish,"13C, 15N",1.3,1806760,521067,Q
AA083,AA083,-29.79,629.25,,4.88,162.95,,MCD2020,MCD,2020,C1,fish,"13C, 15N",1.5,1806724,521019,Q
MCD345-2018,MCD345,-27.98,535.43,,7.59,163.24,,MCD2018,MCD,2018,F2,fish,"13C, 15N",1.3,1806425,520359,Q
MCD788-2018,MCD788,-26.31,534.39,,6.78,163.53,,MCD2018,MCD,2018,F9,fish,"13C, 15N",1.3,1806432,520366,Q
TL143,TL143,-27.21,574.57,,5.59,163.88,,MCD2017,MCD,2017,E8,fish,"13C, 15N",1.1,1806323,520020,Q
TL193,TL193,-27.16,516.03,,7.13,164.09,,MCD2017,MCD,2017,G5,fish,"13C, 15N",1.3,1806344,520049,Q
SB278-2019,SB278,-33.01,535.06,,7.8,164.14,,SB2019,SB,2019,B5,fish,"13C, 15N",1.2,1806608,520847,Q
MCD313-2020,MCD313,-26.29,531.73,,8.4,164.23,,MCD2020,MCD,2020,D9,fish,"13C, 15N",1.6,1806744,521043,Q
AA096,AA096,-29.78,557.22,,7.19,164.36,,MCD2020,MCD,2020,B4,fish,"13C, 15N",1.5,1806715,521004,Q
MCD464-2020,MCD464,-30.47,633.42,,7.08,164.46,,MCD2020,MCD,2020,D2,fish,"13C, 15N",1.5,1806737,521036,Q
SB054,SB054,-37.39,545.4,,7.82,164.6,,SB2017,SB,2017,D1,fish,"13C, 15N",1.2,1806256,520267,Q
HE102,HE102,-29.29,555.93,,5.59,165.26,,MCD2017,MCD,2017,E11,fish,"13C, 15N",1.2,1806326,520023,Q
SB090-2020,SB090,-32.33,617.49,,6.08,165.75,,SB2020,SB,2020,B2,fish,"13C, 15N",1.4,1806665,520917,Q
MCD255-2020,MCD255,-28.12,581.15,,8.61,165.85,,MCD2020,MCD,2020,E3,fish,"13C, 15N",1.5,1806750,521051,Q
TL216,TL216,-33.15,558.25,,8.84,166.09,,SB2017,SB,2017,C10,fish,"13C, 15N",1.3,1806253,520262,Q
MCD015-2020,MCD015,-28.98,539.37,,8.38,166.15,,MCD2020,MCD,2020,G11,fish,"13C, 15N",1.4,1806782,521093,Q
AA101,AA101,-27.65,526.5,,8.39,166.24,,MCD2020,MCD,2020,E4,zoobenthos,"13C, 15N",1.4,1806751,521052,Q
MCD257-2019,MCD257,-29.59,613.38,,6.38,166.27,,MCD2019-1,MCD,2019,A5,fish,"13C, 15N",1.3,1806500,520703,Q
SB093-2020,SB093,-30.34,563.18,,6.36,166.4,,SB2020,SB,2020,C11,fish,"13C, 15N",1.1,1806686,520969,Q
AA098,AA098,-26.48,550.56,,7.52,166.5,,MCD2020,MCD,2020,B1,fish,"13C, 15N",1.4,1806712,521001,Q
AA103,AA103,-27.25,559.93,,6.97,166.71,,MCD2020,MCD,2020,F8,fish,"13C, 15N",1.3,1806767,521074,Q
MCD240-2019,MCD240,-26.77,542.72,,5.71,167.15,,MCD2019-1,MCD,2019,A8,fish,"13C, 15N",1.2,1806503,520706,Q
MCD282-2019,MCD282,-28.52,806.87,,2.38,167.45,,MCD2019-1,MCD,2019,E9,zoobenthos,"13C, 15N",2,1806552,520773,Q
MCD171-2020,MCD171,-27.08,601.61,,7.92,167.48,,MCD2020,MCD,2020,E1,fish,"13C, 15N",1.3,1806748,521049,Q
TL30,TL30,-28.39,541.86,,7.56,167.55,,MCD2017,MCD,2017,H7,fish,"13C, 15N",1.2,1806358,520069,Q
SB005-2019,SB005,-33.82,608.12,,6.29,167.73,,SB2019,SB,2019,D1,fish,"13C, 15N",1.4,1806628,520877,Q
SB372-2019,SB372,-33.09,537.56,,8.56,167.9,,SB2019,SB,2019,A8,fish,"13C, 15N",1.2,1806599,520836,Q
SB17,SB17,-29.81,539.89,,11.31,167.94,,SB2017,SB,2017,D3,fish,"13C, 15N",1.2,1806258,520269,Q
MCD294-2019,MCD294,-27.98,689.17,,4.95,168.29,,MCD2019-1,MCD,2019,B3,fish,"13C, 15N",1.5,1806510,520719,Q
AA095,AA095,-27.46,567.41,,6.51,168.56,,MCD2020,MCD,2020,C6,fish,"13C, 15N",1.6,1806729,521024,Q
MCD191,MCD191,-30.66,535.31,,8.14,168.57,,MCD2017,MCD,2017,D8,fish,"13C, 15N",1.2,1806311,520003,Q
CS10,CS10,-31.32,536.39,,9.71,168.6,,SB2018,SB,2018,A10,fish,"13C, 15N",1,1806457,520391,Q
SB144-2020,SB144,-34.71,553.29,,8.5,169.12,,SB2020,SB,2020,C3,fish,"13C, 15N",1.2,1806678,520961,Q
MCD075-2019,MCD075,-25.98,555.76,,6.9,169.19,,MCD2019-1,MCD,2019,D6,fish,"13C, 15N",1.3,1806537,520752,Q
HE47,HE47,-31.02,608.62,,5.8,169.23,,MCD2017,MCD,2017,E7,fish,"13C, 15N",1.3,1806322,520019,Q
SB143-2020,SB143,-32.88,551.66,,9.35,169.4,,SB2020,SB,2020,C2,fish,"13C, 15N",1.1,1806677,520960,Q
MCD315-2019,MCD315,-24.3,581.37,,4.6,169.42,,MCD2019-1,MCD,2019,D8,fish,"13C, 15N",1.4,1806539,520754,Q
HE123,HE123,-27.3,616.4,,5.24,169.43,,MCD2017,MCD,2017,C5,fish,"13C, 15N",1.33,1806296,519985,Q
SB211-2018,SB211,-31.39,549.81,,9.28,169.44,,SB2018,SB,2018,C9,fish,"13C, 15N",1.2,1806480,520420,Q
SB380-2018,SB380,-31.04,538.86,,10.32,169.62,,SB2018,SB,2018,A9,fish,"13C, 15N",1.2,1806456,520390,Q
MCD248-2019,MCD248,-26.94,734.22,,5.62,169.9,,MCD2019-1,MCD,2019,C5,fish,"13C, 15N",1.4,1806524,520737,Q
SB196-2018,SB196,-32.95,572.18,,9.45,170.02,,SB2018,SB,2018,A7,fish,"13C, 15N",1.3,1806454,520388,Q
SB322-2019,SB322,-32.83,563.93,,7.43,170.05,,SB2019,SB,2019,D2,fish,"13C, 15N",1.4,1806629,520878,Q
TL120,TL120,-30.44,538.05,,9.65,170.17,,SB2017,SB,2017,C4,fish,"13C, 15N",1.2,1806247,520256,Q
TL101,TL101,-34.17,550.91,,8.92,170.17,,SB2017,SB,2017,D8,fish,"13C, 15N",1.1,1806263,520274,Q
SB385-2019,SB385,-34.56,568.38,,6.61,170.42,,SB2019,SB,2019,A7,fish,"13C, 15N",1.3,1806598,520835,Q
MCD628-2018,MCD628,-28.05,545.4,,8.35,170.54,,MCD2018,MCD,2018,C10,fish,"13C, 15N",1.5,1806397,520319,Q
MCD064-2019,MCD064,-28.06,557.44,,10.16,170.61,,MCD2019-1,MCD,2019,A3,fish,"13C, 15N",1.2,1806498,520701,Q
SB102-2020,SB102,-31.95,559.99,,6.26,170.73,,SB2020,SB,2020,C12,fish,"13C, 15N",1.2,1806687,520970,Q
MCD557-2019,MCD557,-28.46,550.34,,6.89,171.04,,MCD2019-1,MCD,2019,B11,fish,"13C, 15N",1.4,1806518,520727,Q
MCD365-2020,MCD365,-27.94,558.81,,7.65,171.08,,MCD2020,MCD,2020,F4,fish,"13C, 15N",1.3,1806763,521070,Q
CS15,CS15,-30.85,552.7,,11.19,171.11,,SB2018,SB,2018,A12,fish,"13C, 15N",1.3,1806459,520393,Q
CS05,CS05,-24.1,549.63,,10.55,171.17,,MCD2018,MCD,2018,F6,fish,"13C, 15N",1.2,1806429,520363,Q
M22,M22,-28.19,578.81,,8.61,171.23,,MCD2017,MCD,2017,F5,fish,"13C, 15N",1.3,1806332,520032,Q
SB036-2018,SB036,-32.24,575.25,,4.98,171.28,,SB2018,SB,2018,D6,fish,"13C, 15N",1.2,1806489,520433,Q
HE142,HE142,-28.1,583.25,,4.95,171.69,,MCD2017,MCD,2017,A9,fish,"13C, 15N",1.407,1806276,519954,Q
SB032-2020,SB032,-32.63,558.81,,7.89,171.78,,SB2020,SB,2020,D4,fish,"13C, 15N",1.2,1806691,520980,Q
MCD267-2019,MCD267,-24.39,588.13,,4.46,171.98,,MCD2019-1,MCD,2019,E7,zoobenthos,"13C, 15N",1.4,1806550,520771,Q
MCD122-2019,MCD122,-26.6,563.05,,6.57,172.67,,MCD2019-1,MCD,2019,G9,fish,"13C, 15N",1.3,1806576,520803,Q
MCD552-2019,MCD552,-27.52,568.53,,7.91,172.93,,MCD2019-1,MCD,2019,E5,fish,"13C, 15N",1.4,1806548,520769,Q
SB051-2018,SB051,-33.15,570.06,,8.78,173.38,,SB2018,SB,2018,B8,fish,"13C, 15N",1.3,1806467,520403,Q
SB147-2020,SB147,-32.63,565.8,,8.16,173.39,,SB2020,SB,2020,C4,fish,"13C, 15N",1.3,1806679,520962,Q
MCD115-2020,MCD115,-31.2,617.93,,8.69,173.63,,MCD2020,MCD,2020,G6,fish,"13C, 15N",1.3,1806777,521088,Q
SB081-2020,SB081,-30.35,581.89,,6.66,174.43,,SB2020,SB,2020,B8,fish,"13C, 15N",1.3,1806671,520923,Q
SB106-2020,SB106,-32.23,576.54,,6.86,174.57,,SB2020,SB,2020,C10,fish,"13C, 15N",1.2,1806685,520968,Q
MCDzoop81518,MCDzoop81518,-32.53,1018.57,,1.71,204.94,,MCD2018,MCD,2018,C4,zooplankton,"13C, 15N",2.1,1806391,520313,Q
SB254-2018,SB254,-32.51,577.18,,9.67,174.86,,SB2018,SB,2018,D8,fish,"13C, 15N",1.2,1806491,520435,Q
MCD811-2018,MCD811,-27.38,577.78,,8.8,174.9,,MCD2018,MCD,2018,G2,fish,"13C, 15N",1.2,1806437,520377,Q
CS13,CS13,-32.11,561.2,,11.2,174.91,,SB2018,SB,2018,D1,fish,"13C, 15N",1.2,1806484,520428,Q
AA037,AA037,-28.15,585.15,,7.79,174.92,,MCD2020,MCD,2020,F7,fish,"13C, 15N",1.3,1806766,521073,Q
MCD551-2019,MCD551,-28.11,566,,9.27,174.97,,MCD2019-1,MCD,2019,D12,fish,"13C, 15N",1.3,1806543,520758,Q
SB010-2019,SB010,-31.74,566.63,,7.06,175.09,,SB2019,SB,2019,A2,fish,"13C, 15N",1.4,1806593,520830,Q
TL194,TL194,-26.94,554.34,,7.46,175.25,,MCD2017,MCD,2017,G6,fish,"13C, 15N",1.2,1806345,520050,Q
SB024-2020,SB024,-32.95,571.99,,7.8,175.34,,SB2020,SB,2020,C8,fish,"13C, 15N",1.3,1806683,520966,Q
MCD680-2018,MCD680,-26.99,580.27,,7.23,175.73,,MCD2018,MCD,2018,A12,fish,"13C, 15N",1.4,1806375,520291,Q
SB002-2019,SB002,-32.11,574.64,,6.63,175.8,,SB2019,SB,2019,A12,fish,"13C, 15N",1.3,1806603,520840,Q
SB312-2019,SB312,-34,574.08,,6.45,175.81,,SB2019,SB,2019,B4,fish,"13C, 15N",1.2,1806607,520846,Q
HE124,HE124,-26.91,576.23,,5.29,175.98,,MCD2017,MCD,2017,E6,fish,"13C, 15N",1.1,1806321,520018,Q
TL199,TL199,-26.38,561.89,,6.94,176.09,,MCD2017,MCD,2017,G7,fish,"13C, 15N",1.2,1806346,520051,Q
AA043,AA043,-25.91,576.59,,13.21,176.26,,MCD2020,MCD,2020,G2,fish,"13C, 15N",1.4,1806773,521084,Q
HE44,HE44,-30.23,567.98,,6.48,176.32,,MCD2017,MCD,2017,F9,fish,"13C, 15N",1.3,1806336,520036,Q
SB027-2018,SB027,-33.04,565.79,,8.71,176.46,,SB2018,SB,2018,A8,fish,"13C, 15N",1.3,1806455,520389,Q
HE101,HE101,-29.27,600.78,,6.24,176.5,,MCD2017,MCD,2017,A8,fish,"13C, 15N",1.33,1806275,519953,Q
MCD024-2020,MCD024,-29.19,598.26,,6.32,176.53,,MCD2020,MCD,2020,E12,fish,"13C, 15N",1.3,1806759,521060,Q
SB120-2020,SB120,-33.46,600.91,,8.64,176.58,,SB2020,SB,2020,D6,fish,"13C, 15N",1.3,1806693,520982,Q
MCD681-2018,MCD681,-29.72,572.93,,6.82,176.84,,MCD2018,MCD,2018,A6,fish,"13C, 15N",1.3,1806369,520289,Q
SB049-2018,SB049,-29.86,580.55,,8.54,177.32,,SB2018,SB,2018,C2,fish,"13C, 15N",1.4,1806473,520415,Q
TL208,TL208,-29.17,588.75,,5.05,177.34,,MCD2017,MCD,2017,H5,fish,"13C, 15N",1.3,1806356,520067,Q
SB367-2019,SB367,-39.25,593.95,,5.49,177.52,,SB2019,SB,2019,C9,fish,"13C, 15N",1.5,1806624,520869,Q
MCD019-2018,MCD019,-27.59,575.39,,8.21,177.75,,MCD2018,MCD,2018,F8,fish,"13C, 15N",1.3,1806431,520365,Q
MCD230-2020,MCD230,-25.62,589.03,,6.56,177.81,,MCD2020,MCD,2020,E10,fish,"13C, 15N",1.5,1806757,521058,Q
MCD285-2019,MCD285,-30.83,659.28,,7.32,177.98,,MCD2019-1,MCD,2019,E2,fish,"13C, 15N",1.4,1806545,520766,Q
MCD293-2019,MCD293,-27.63,714.85,,4.93,178.4,,MCD2019-1,MCD,2019,H10,fish,"13C, 15N",1.5,1806589,520822,Q
MCD227-2020,MCD227,-31.65,592.79,,6.54,178.48,,MCD2020,MCD,2020,G8,fish,"13C, 15N",1.2,1806779,521090,Q
M2,M2,-26.94,564.37,,9.31,178.65,,MCD2017,MCD,2017,B5,fish,"13C, 15N",1.338,1806284,519968,Q
SB18,SB18,-29.97,565.59,,10.86,178.7,,SB2017,SB,2017,D4,fish,"13C, 15N",1.2,1806259,520270,Q
AA061,AA061,-26.5,584.98,,6.92,178.82,,MCD2020,MCD,2020,G5,fish,"13C, 15N",1.1,1806776,521087,Q
TL274,TL274,-28.52,578.9,,9.35,178.89,,MCD2020,MCD,2020,D10,fish,"13C, 15N",1.6,1806745,521044,Q
MCD869-2018,MCD869,-25.79,590.1,,7.69,178.95,,MCD2018,MCD,2018,E11,fish,"13C, 15N",1.3,1806422,520354,Q
TL168,TL168,-28.16,607.14,,6.55,179.1,,MCD2017,MCD,2017,F10,fish,"13C, 15N",1.2,1806337,520037,Q
SB319-2019,SB319,-32.95,589.45,,6.64,179.11,,SB2019,SB,2019,A1,fish,"13C, 15N",1.2,1806592,520829,Q
MCD218-2020,MCD218,-27.54,600.82,,7.27,179.14,,MCD2020,MCD,2020,F2,fish,"13C, 15N",1.4,1806761,521068,Q
MCDzb62420deep,MCDzb62420deep,-29.55,584.49,,8.51,179.36,,MCD2020,MCD,2020,A4,zoobenthos,"13C, 15N",1.9,1806703,520990,Q
CS02,CS02,-25.14,574.58,,10.67,179.5,,MCD2018,MCD,2018,F4,fish,"13C, 15N",1.4,1806427,520361,Q
AA097,AA097,-25.41,581.85,,7.28,179.61,,MCD2020,MCD,2020,B2,fish,"13C, 15N",1.5,1806713,521002,Q
MCD119-2020,MCD119,-28.92,603.57,,7.23,179.68,,MCD2020,MCD,2020,G12,fish,"13C, 15N",1.4,1806783,521094,Q
AA067,AA067,-31.17,586.16,,7.59,179.76,,MCD2020,MCD,2020,C9,fish,"13C, 15N",1.5,1806732,521027,Q
SB233-2018,SB233,-32.57,588.09,,9.65,179.82,,SB2018,SB,2018,C1,fish,"13C, 15N",1.2,1806472,520414,Q
HE069,HE069,-32.67,593.4,,7.96,179.87,,MCD2017,MCD,2017,B4,fish,"13C, 15N",1.366,1806283,519967,Q
MCD222-2018,MCD222,-28.83,587.12,,7.8,179.91,,MCD2018,MCD,2018,F1,fish,"13C, 15N",1.3,1806424,520358,Q
MCD484-2019,MCD484,-26.46,587.39,,7.26,179.96,,MCD2019-1,MCD,2019,F10,fish,"13C, 15N",1.4,1806565,520790,Q
MCD442-2020,MCD442,-28.31,596.25,,5.92,180.03,,MCD2020,MCD,2020,E11,fish,"13C, 15N",1.3,1806758,521059,Q
SB063-2018,SB063,-37.16,601.35,,8.77,180.43,,SB2018,SB,2018,A6,fish,"13C, 15N",1.3,1806453,520387,Q
TL209,TL209,-28.14,566.75,,7.6,180.45,,MCD2017,MCD,2017,D10,fish,"13C, 15N",1.2,1806313,520005,Q
SB298-2019,SB298,-34.62,587.64,,6.16,180.51,,SB2019,SB,2019,D5,fish,"13C, 15N",1.3,1806632,520881,Q
MCD279-2019,MCD279,-27.47,697.96,,4.68,180.78,,MCD2019-1,MCD,2019,C7,fish,"13C, 15N",1.5,1806526,520739,Q
TL233,TL233,-30.19,571.63,,6.41,180.8,,MCD2017,MCD,2017,H6,fish,"13C, 15N",1.2,1806357,520068,Q
HE05,HE05,-29.73,576.6,,10,180.92,,SB2017,SB,2017,A3,fish,"13C, 15N",1.304,1806222,520221,Q
SB7,SB7,-29.69,580.27,,11.78,180.92,,SB2017,SB,2017,D6,fish,"13C, 15N",1.3,1806261,520272,Q
MCD235-2019,MCD235,-26.65,595.82,,7.2,181.06,,MCD2019-1,MCD,2019,D5,fish,"13C, 15N",1.3,1806536,520751,Q
MCD344-2018,MCD344,-26.39,587.6,,8.09,181.29,,MCD2018,MCD,2018,B6,fish,"13C, 15N",1.5,1806381,520301,Q
AA039,AA039,-31.26,578.33,,6.32,181.33,,MCD2020,MCD,2020,B9,fish,"13C, 15N",1.4,1806720,521009,Q
TL266,TL266,-26.12,600.72,,7.35,181.49,,MCD2017,MCD,2017,G9,fish,"13C, 15N",1.3,1806348,520053,Q
HE014,HE014,-33.54,572.93,,8.57,181.66,,SB2017,SB,2017,A11,fish,"13C, 15N",1.432,1806230,520229,Q
TL220,TL220,-32.84,622.42,,7.99,181.66,,SB2017,SB,2017,D11,fish,"13C, 15N",1.2,1806266,520277,Q
MCD443-2020,MCD443,-30.7,589.64,,8.5,181.74,,MCD2020,MCD,2020,A7,fish,"13C, 15N",1.5,1806706,520993,Q
MCD355-2018,MCD355,-26.28,593.42,,7.59,181.81,,MCD2018,MCD,2018,E10,fish,"13C, 15N",1.2,1806421,520353,Q
M3,M3,-26.98,578.61,,9.07,182.18,,MCD2017,MCD,2017,B7,fish,"13C, 15N",1.556,1806286,519970,Q
SBzoop81518,SBzoop81518,-35.77,763.01,,3.42,145.23,,SB2018,SB,2018,B5,zooplankton,"13C, 15N",1.6,1806464,520400,Q
MCD601-2019,MCD601,-25.35,597.88,,6.98,182.33,,MCD2019-1,MCD,2019,F6,fish,"13C, 15N",1.3,1806561,520786,Q
SB354-2018,SB354,-32.1,596.16,,9.78,182.56,,SB2018,SB,2018,C10,fish,"13C, 15N",1.3,1806481,520421,Q
MCD069-2020,MCD069,-25.12,604.56,,6.6,182.78,,MCD2020,MCD,2020,E7,fish,"13C, 15N",1.4,1806754,521055,Q
MCD226-2020,MCD226,-30.5,616.84,,6.98,183.21,,MCD2020,MCD,2020,D1,fish,"13C, 15N",1.5,1806736,521035,Q
TL201,TL201,-28.58,612.85,,4.99,183.64,,MCD2017,MCD,2017,E10,fish,"13C, 15N",1.2,1806325,520022,Q
TL250,TL250,-28.85,589.42,,6.91,184.09,,MCD2017,MCD,2017,F8,fish,"13C, 15N",1.2,1806335,520035,Q
MCD249-2019,MCD249,-29.91,745.45,,5.78,184.09,,MCD2019-1,MCD,2019,B6,fish,"13C, 15N",1.5,1806513,520722,Q
HE055,HE055,-27.96,593.58,,6.63,184.14,,MCD2017,MCD,2017,B10,fish,"13C, 15N",1.308,1806289,519973,Q
SB138-2018,SB138,-35.8,609.45,,8.14,184.16,,SB2018,SB,2018,B10,fish,"13C, 15N",1.3,1806469,520405,Q
MCD002-2020,MCD002,-30.84,606.08,,7.47,184.17,,MCD2020,MCD,2020,G10,fish,"13C, 15N",1.3,1806781,521092,Q
TL133,TL133,-32.98,635.23,,8.31,184.62,,SB2017,SB,2017,B12,fish,"13C, 15N",1.3,1806243,520248,Q
AD1,AD1,-25.34,598.79,,11.99,184.64,,SB2018,SB,2018,C11,fish,"13C, 15N",1.2,1806482,520422,Q
SB007-2019,SB007,-32.91,659.82,,6.33,184.66,,SB2019,SB,2019,A5,fish,"13C, 15N",1.5,1806596,520833,Q
MCD127-2020,MCD127,-29.02,592.07,,7.36,184.69,,MCD2020,MCD,2020,G7,fish,"13C, 15N",1.5,1806778,521089,Q
MCD137-2019,MCD137,-28.71,600.34,,3.71,184.76,,MCD2019-1,MCD,2019,E1,fish,"13C, 15N",1.4,1806544,520765,Q
TL04,TL04,-32.62,596.77,,8.5,184.99,,SB2017,SB,2017,C2,fish,"13C, 15N",1.3,1806245,520254,Q
MCD483-2020,MCD483,-27.95,606.53,,8.39,185.29,,MCD2020,MCD,2020,A6,fish,"13C, 15N",1.3,1806705,520992,Q
MCD090-2020,MCD090,-28.69,593.52,,9.63,185.3,,MCD2020,MCD,2020,D12,fish,"13C, 15N",1.5,1806747,521046,Q
SB388-2019,SB388,-31.37,606.5,,7.82,185.33,,SB2019,SB,2019,C10,fish,"13C, 15N",1.3,1806625,520870,Q
MCD263-2019,MCD263,-30.16,710.22,,5.59,185.33,,MCD2019-1,MCD,2019,F9,fish,"13C, 15N",1.6,1806564,520789,Q
TL06,TL06,-30.22,616.92,,9.11,185.36,,SB2017,SB,2017,C8,fish,"13C, 15N",1.3,1806251,520260,Q
M18,M18,-28.44,583.72,,8.45,185.63,,MCD2017,MCD,2017,A2,fish,"13C, 15N",1.387,1806269,519947,Q
HE026,HE026,-27.24,586.31,,7.47,185.63,,MCD2017,MCD,2017,B9,fish,"13C, 15N",1.299,1806288,519972,Q
TL175,TL175,-27.87,645.36,,6.67,185.65,,MCD2017,MCD,2017,E9,fish,"13C, 15N",1.4,1806324,520021,Q
SB287-2019,SB287,-31.51,604.11,,7.86,185.71,,SB2019,SB,2019,C12,fish,"13C, 15N",1.4,1806627,520872,Q
SBzb8117,SBzb8117,-34.41,841.23,,4.51,185.73,,SB2017,SB,2017,B5,zoobenthos,"13C, 15N",2,1806236,520241,Q
MCD490-2018,MCD490,-28.06,611.43,,7.14,185.73,,MCD2018,MCD,2018,B3,fish,"13C, 15N",1.3,1806378,520298,Q
CS16,CS16,-31.16,591.97,,11.55,185.76,,SB2018,SB,2018,D3,fish,"13C, 15N",1.3,1806486,520430,Q
HE143,HE143,-28.34,629.08,,4.94,185.99,,MCD2017,MCD,2017,A10,fish,"13C, 15N",1.405,1806277,519955,Q
MCD083,MCD083,-27.01,605.55,,7.49,186.55,,MCD2017,MCD,2017,E4,fish,"13C, 15N",1.3,1806319,520016,Q
MCD245-2019,MCD245,-30.77,630.77,,6.35,186.68,,MCD2019-1,MCD,2019,C11,fish,"13C, 15N",1.4,1806530,520743,Q
AA007,AA007,-25.75,629.82,,13.64,186.74,,MCD2020,MCD,2020,F11,fish,"13C, 15N",1.2,1806770,521077,Q
MCD235-2018,MCD235,-29.81,632.26,,6.83,187.32,,MCD2018,MCD,2018,D2,fish,"13C, 15N",1.4,1806401,520329,Q
AA040,AA040,-28.52,604.14,,6.64,187.34,,MCD2020,MCD,2020,B7,fish,"13C, 15N",1.3,1806718,521007,Q
HE03,HE03,-33.19,604.1,,8.83,187.58,,SB2017,SB,2017,A2,fish,"13C, 15N",1.296,1806221,520220,Q
HE22,HE22,-32.73,604.98,,5.44,187.63,,MCD2017,MCD,2017,H2,fish,"13C, 15N",1.3,1806353,520064,Q
SB014-2020,SB014,-30.27,617.24,,10.06,187.64,,SB2020,SB,2020,D3,fish,"13C, 15N",1.3,1806690,520979,Q
MCD012,MCD012,-30.5,612.51,,7.11,187.87,,MCD2017,MCD,2017,D6,fish,"13C, 15N",1.3,1806309,520001,Q
AA093,AA093,-27.4,615.48,,7.92,187.9,,MCD2020,MCD,2020,F10,fish,"13C, 15N",1.3,1806769,521076,Q
TL112,TL112,-32.78,659.02,,7.45,187.95,,SB2017,SB,2017,D10,fish,"13C, 15N",1.4,1806265,520276,Q
MCD220-2019,MCD220,-28.1,621.7,,6.96,188.07,,MCD2019-1,MCD,2019,F8,fish,"13C, 15N",1.4,1806563,520788,Q
TL176,TL176,-28.33,603.41,,8.29,188.25,,MCD2017,MCD,2017,H3,fish,"13C, 15N",1.3,1806354,520065,Q
SB370-2019,SB370,-31.62,613.88,,8.51,188.31,,SB2019,SB,2019,D12,fish,"13C, 15N",1.3,1806639,520888,Q
MCD217-2018,MCD217,-29.34,633.4,,6.65,188.32,,MCD2018,MCD,2018,A3,fish,"13C, 15N",1.4,1806366,520287,Q
HE145,HE145,-28.05,635.97,,4.85,188.35,,MCD2017,MCD,2017,A11,fish,"13C, 15N",1.511,1806278,519956,Q
J1,J1,-28.15,607.91,,9.03,188.43,,MCD2018,MCD,2018,F7,fish,"13C, 15N",1.3,1806430,520364,Q
MCD268-2019,MCD268,-24.63,645.87,,3.53,188.46,,MCD2019-1,MCD,2019,E8,zoobenthos,"13C, 15N",1.5,1806551,520772,Q
MCD272-2019,MCD272,-26.42,668.6,,6.13,188.73,,MCD2019-1,MCD,2019,H12,fish,"13C, 15N",1.4,1806591,520824,Q
MCD024,MCD024,-31.39,604.33,,5.32,188.74,,MCD2017,MCD,2017,F2,fish,"13C, 15N",1.3,1806329,520029,Q
SB271-2019,SB271,-33.61,609.24,,8.06,188.92,,SB2019,SB,2019,B11,fish,"13C, 15N",1.3,1806614,520853,Q
HE02,HE02,-33.14,605.93,,8.39,189.06,,SB2017,SB,2017,B7,fish,"13C, 15N",1.3,1806238,520243,Q
TL42,TL42,-25.71,605.21,,5.87,189.08,,MCD2017,MCD,2017,F12,fish,"13C, 15N",1.4,1806339,520039,Q
MCD405-2020,MCD405,-30.21,625.74,,8.47,189.43,,MCD2020,MCD,2020,A8,fish,"13C, 15N",1.4,1806707,520994,Q
MCD020-2019,MCD020,-27.64,615.29,,6.37,189.59,,MCD2019-1,MCD,2019,G5,fish,"13C, 15N",1.4,1806572,520799,Q
SB154-2020,SB154,-32.67,626.91,,8.48,189.79,,SB2020,SB,2020,C5,fish,"13C, 15N",1.2,1806680,520963,Q
MCD017-2018,MCD017,-24.94,618.76,,7.46,189.8,,MCD2018,MCD,2018,B1,fish,"13C, 15N",1.6,1806376,520296,Q
MCD010,MCD010,-30.26,625.82,,6.91,190.06,,MCD2017,MCD,2017,D5,fish,"13C, 15N",1.3,1806308,520000,Q
MCD188,MCD188,-30.67,607.57,,8.01,190.12,,MCD2017,MCD,2017,D7,fish,"13C, 15N",1.3,1806310,520002,Q
MCD034-2018,MCD034,-30.13,605.93,,7.66,190.17,,MCD2018,MCD,2018,C6,fish,"13C, 15N",1.5,1806393,520315,Q
MCD858-2018,MCD858,-25.87,618.72,,6.87,190.23,,MCD2018,MCD,2018,G1,fish,"13C, 15N",1.3,1806436,520376,Q
SB373-2019,SB373,-33.51,613.72,,7.26,190.28,,SB2019,SB,2019,C5,fish,"13C, 15N",1.4,1806620,520865,Q
MCD833-2018,MCD833,-30.76,623.31,,6.24,190.57,,MCD2018,MCD,2018,F11,fish,"13C, 15N",1.4,1806434,520368,Q
AA035,AA035,-25.52,630.86,,7.58,190.59,,MCD2020,MCD,2020,F6,fish,"13C, 15N",1.4,1806765,521072,Q
AA031,AA031,-28.39,610.87,,6.87,190.64,,MCD2020,MCD,2020,B8,fish,"13C, 15N",1.3,1806719,521008,Q
AA106,AA106,-30.47,632.53,,7.85,190.66,,MCD2020,MCD,2020,A1,zoobenthos,"13C, 15N",1.5,1806700,520987,Q
HE126,HE126,-25.72,633.13,,5.76,190.74,,MCD2017,MCD,2017,C6,fish,"13C, 15N",1.408,1806297,519986,Q
AA102,AA102,-28.05,656.19,,6.89,191.06,,MCD2020,MCD,2020,E5,zoobenthos,"13C, 15N",1.5,1806752,521053,Q
MCD262-2019,MCD262,-25.08,762.08,,5.62,191.12,,MCD2019-1,MCD,2019,A12,fish,"13C, 15N",1.5,1806507,520710,Q
AA080,AA080,-27.81,712.56,,6.65,191.14,,MCD2020,MCD,2020,B10,fish,"13C, 15N",1.6,1806721,521010,Q
MCD219-2019,MCD219,-26.24,616.53,,9.78,191.53,,MCD2019-1,MCD,2019,H4,fish,"13C, 15N",1.3,1806583,520816,Q
SB148-2020,SB148,-31.94,623.61,,10.03,191.65,,SB2020,SB,2020,A9,fish,"13C, 15N",1.4,1806660,520908,Q
MCD748-2018,MCD748,-26.5,616.92,,7.15,191.65,,MCD2018,MCD,2018,C3,fish,"13C, 15N",1.3,1806390,520312,Q
AA011,AA011,-33.65,647.68,,7.2,191.8,,MCD2020,MCD,2020,C8,fish,"13C, 15N",1.4,1806731,521026,Q
SB8,SB8,-31.73,604.1,,10.99,192.39,,SB2017,SB,2017,D7,fish,"13C, 15N",1.3,1806262,520273,Q
TL08,TL08,-33.19,642.55,,8.34,192.76,,SB2017,SB,2017,C3,fish,"13C, 15N",1.4,1806246,520255,Q
TL13,TL13,-33.09,615.09,,8.71,192.76,,SB2017,SB,2017,C5,fish,"13C, 15N",1.3,1806248,520257,Q
MCD802-2018,MCD802,-29.98,627.91,,6.91,192.76,,MCD2018,MCD,2018,C11,fish,"13C, 15N",1.3,1806398,520320,Q
SB035-2018,SB035,-31.86,641.27,,5.5,192.81,,SB2018,SB,2018,B2,fish,"13C, 15N",1.4,1806461,520397,Q
HE141,HE141,-28.25,655.31,,4.99,192.93,,MCD2017,MCD,2017,D2,fish,"13C, 15N",1.4,1806305,519997,Q
SB202-2018,SB202,-29.55,628.14,,9.29,193.09,,SB2018,SB,2018,C3,fish,"13C, 15N",1.3,1806474,520416,Q
TL60,TL60,-24.84,623.71,,6.05,193.1,,MCD2017,MCD,2017,G1,fish,"13C, 15N",1.4,1806340,520045,Q
SB084-2020,SB084,-31.9,640.7,,6.42,193.16,,SB2020,SB,2020,B3,fish,"13C, 15N",1.6,1806666,520918,Q
AA086,AA086,-27.58,648.08,,6.99,193.36,,MCD2020,MCD,2020,C4,fish,"13C, 15N",1.5,1806727,521022,Q
AA034,AA034,-25.59,631.54,,7.55,193.39,,MCD2020,MCD,2020,F5,fish,"13C, 15N",1.4,1806764,521071,Q
SB057-2020,SB057,-32.03,645.6,,6.43,193.62,,SB2020,SB,2020,B5,fish,"13C, 15N",1.4,1806668,520920,Q
MCD228-2020,MCD228,-26.73,625.82,,6.88,193.64,,MCD2020,MCD,2020,E9,fish,"13C, 15N",1.3,1806756,521057,Q
HE72,HE72,-32.28,624.09,,8.29,193.79,,MCD2017,MCD,2017,E1,fish,"13C, 15N",1.3,1806316,520013,Q
MCD809-2018,MCD809,-28.02,630.31,,7.77,193.84,,MCD2018,MCD,2018,D5,fish,"13C, 15N",1.5,1806404,520332,Q
MCDzoop81419,MCDzoop81419,-31.98,489.39,,1.67,113.26,,MCD2019-1,MCD,2019,E12,zooplankton,"13C, 15N",1.4,1806555,520776,Q
SB4,SB4,-31.61,646.07,,9.71,193.88,,SB2019,SB,2019,D10,fish,"13C, 15N",1.4,1806637,520886,Q
TL191,TL191,-26.53,613.45,,7.44,194.01,,MCD2017,MCD,2017,G4,fish,"13C, 15N",1.3,1806343,520048,Q
HE032,HE032,-29.46,636.84,,6.64,194.32,,MCD2017,MCD,2017,B11,fish,"13C, 15N",1.44,1806290,519974,Q
SB271-2018,SB271,-33.96,646.59,,9.03,194.45,,SB2018,SB,2018,C6,fish,"13C, 15N",1.3,1806477,520419,Q
TL280,TL280,-31.15,625.68,,11.31,194.52,,SB2020,SB,2020,B7,fish,"13C, 15N",1.5,1806670,520922,Q
TL273,TL273,-31.18,621.84,,10.09,194.82,,SB2020,SB,2020,B6,fish,"13C, 15N",1.4,1806669,520921,Q
TL262,TL262,-26.88,621.84,,7.33,195.01,,MCD2017,MCD,2017,G8,fish,"13C, 15N",1.3,1806347,520052,Q
MCD002-2019,MCD002,-27.85,649.95,,8.39,195.12,,MCD2019-1,MCD,2019,F1,fish,"13C, 15N",1.4,1806556,520781,Q
MCD052-2020,MCD052,-27.58,645.36,,6.9,195.17,,MCD2020,MCD,2020,E6,fish,"13C, 15N",1.3,1806753,521054,Q
MCD479-2020,MCD479,-28.83,671.18,,7.1,195.39,,MCD2020,MCD,2020,A10,fish,"13C, 15N",1.3,1806709,520996,Q
M16,M16,-28.34,619.37,,8.55,195.41,,MCD2017,MCD,2017,F4,fish,"13C, 15N",1.3,1806331,520031,Q
HE056,HE056,-29.54,645.27,,7.23,195.44,,MCD2017,MCD,2017,C4,fish,"13C, 15N",1.426,1806295,519984,Q
MCD073-2019,MCD073,-25.85,647.82,,6.57,195.85,,MCD2019-1,MCD,2019,G7,fish,"13C, 15N",1.4,1806574,520801,Q
AA100,AA100,-26.19,654.93,,6.95,195.97,,MCD2020,MCD,2020,B5,fish,"13C, 15N",1.5,1806716,521005,Q
AA057,AA057,-29.51,634.39,,7.55,196.02,,MCD2020,MCD,2020,C12,fish,"13C, 15N",1.5,1806735,521030,Q
MCD116-2019,MCD116,-25.52,651.77,,5.75,196.12,,MCD2019-1,MCD,2019,G8,fish,"13C, 15N",1.4,1806575,520802,Q
AA074,AA074,-29.78,653.84,,5.13,196.14,,SB2020,SB,2020,A1,zoobenthos,"13C, 15N",1.5,1806652,520900,Q
SB011-2020,SB011,-32.68,657.98,,7.61,196.14,,SB2020,SB,2020,B12,fish,"13C, 15N",1.4,1806675,520927,Q
MCD353-2018,MCD353,-23.38,652.16,,7.27,196.32,,MCD2018,MCD,2018,E5,fish,"13C, 15N",1.5,1806416,520348,Q
SB163-2020,SB163,-34.22,640.86,,7.29,196.59,,SB2020,SB,2020,A12,fish,"13C, 15N",1.4,1806663,520911,Q
SB386-2019,SB386,-31.94,636.12,,7.84,196.65,,SB2019,SB,2019,C11,fish,"13C, 15N",1.5,1806626,520871,Q
HE35,HE35,-28.44,631.78,,7.09,196.85,,MCD2017,MCD,2017,D11,fish,"13C, 15N",1.4,1806314,520006,Q
MCD055-2018,MCD055,-26.81,654.12,,6.67,196.91,,MCD2018,MCD,2018,D12,fish,"13C, 15N",1.4,1806411,520339,Q
SB321-2018,SB321,-31.81,647.47,,9.84,196.94,,SB2018,SB,2018,A5,fish,"13C, 15N",1.4,1806452,520386,Q
SB058,SB058,-33.94,627.91,,9.49,197.19,,SB2017,SB,2017,B9,fish,"13C, 15N",1.3,1806240,520245,Q
MCD298-2019,MCD298,-29.58,643.68,,6.53,197.38,,MCD2019-1,MCD,2019,C2,fish,"13C, 15N",1.3,1806521,520734,Q
MCD297-2019,MCD297,-29.67,644.09,,5.98,197.49,,MCD2019-1,MCD,2019,B10,fish,"13C, 15N",1.3,1806517,520726,Q
M11,M11,-26.6,631.94,,8.91,197.61,,MCD2017,MCD,2017,C2,fish,"13C, 15N",1.52,1806293,519982,Q
SB173-2018,SB173,-30.13,659.93,,10.63,197.91,,SB2018,SB,2018,D7,fish,"13C, 15N",1.3,1806490,520434,Q
MCD434-2018,MCD434,-27.3,640.72,,7.74,197.93,,MCD2018,MCD,2018,B5,fish,"13C, 15N",1.5,1806380,520300,Q
HE099,HE099,-28.04,633.88,,6.81,198.21,,MCD2017,MCD,2017,C1,fish,"13C, 15N",1.476,1806292,519981,Q
SB121-2020,SB121,-32.84,661.26,,7.98,198.26,,SB2020,SB,2020,B9,fish,"13C, 15N",1.4,1806672,520924,Q
MCD303-2019,MCD303,-29.15,684.87,,5.55,198.88,,MCD2019-1,MCD,2019,B4,fish,"13C, 15N",1.3,1806511,520720,Q
SB100-2020,SB100,-31.5,663.67,,6.78,198.95,,SB2020,SB,2020,B4,fish,"13C, 15N",1.5,1806667,520919,Q
MCD438-2018,MCD438,-29.6,631.57,,8.45,199.04,,MCD2018,MCD,2018,C9,fish,"13C, 15N",1.3,1806396,520318,Q
SB149-2020,SB149,-34.1,652.09,,8.33,199.3,,SB2020,SB,2020,B1,fish,"13C, 15N",1.4,1806664,520916,Q
SB273-2019,SB273,-33.41,654.72,,8.35,199.31,,SB2019,SB,2019,A3,fish,"13C, 15N",1.3,1806594,520831,Q
TL278,TL278,-27.51,630.02,,8.82,199.79,,MCD2020,MCD,2020,D11,fish,"13C, 15N",1.5,1806746,521045,Q
MCD031,MCD031,-28.83,671.49,,6.98,199.96,,MCD2017,MCD,2017,F11,fish,"13C, 15N",1.4,1806338,520038,Q
TL164,TL164,-28.36,656.57,,7.21,200.07,,MCD2017,MCD,2017,F7,fish,"13C, 15N",1.3,1806334,520034,Q
MCD067-2018,MCD067,-28.97,671.45,,6.2,200.52,,MCD2018,MCD,2018,E2,fish,"13C, 15N",1.4,1806413,520345,Q
SB285-2019,SB285,-34.29,645.01,,9.35,200.6,,SB2019,SB,2019,E3,fish,"13C, 15N",1.4,1806642,520893,Q
HE064,HE064,-28.66,653.31,,6.05,200.85,,MCD2017,MCD,2017,A5,fish,"13C, 15N",1.435,1806272,519950,Q
SB032,SB032,-33.44,655.36,,9.09,200.88,,SB2017,SB,2017,C11,fish,"13C, 15N",1.4,1806254,520263,Q
HE136,HE136,-29.08,661.41,,4.28,200.89,,MCD2017,MCD,2017,E12,fish,"13C, 15N",1.3,1806327,520024,Q
AA028,AA028,-27.86,638.14,,9.42,201.03,,MCD2020,MCD,2020,G1,fish,"13C, 15N",1.3,1806772,521083,Q
MCD830-2018,MCD830,-30.58,674.47,,5.55,201.09,,MCD2018,MCD,2018,F10,fish,"13C, 15N",1.4,1806433,520367,Q
HE063,HE063,-24.32,674.45,,5.26,201.24,,MCD2017,MCD,2017,A3,fish,"13C, 15N",1.499,1806270,519948,Q
MCD541-2019,MCD541,-28.46,649.28,,9.29,201.28,,MCD2019-1,MCD,2019,G3,fish,"13C, 15N",1.5,1806570,520797,Q
MCD226-2019,MCD226,-31.21,665.18,,6.02,201.35,,MCD2019-1,MCD,2019,E4,fish,"13C, 15N",1.5,1806547,520768,Q
MCD013,MCD013,-29.52,649.05,,7.81,201.36,,MCD2017,MCD,2017,F1,fish,"13C, 15N",1.3,1806328,520028,Q
SB276-2019,SB276,-32.39,659.1,,9.4,201.87,,SB2019,SB,2019,C6,fish,"13C, 15N",1.4,1806621,520866,Q
MCD709-2018,MCD709,-27.02,688.26,,6.6,201.99,,MCD2018,MCD,2018,A11,fish,"13C, 15N",1.5,1806374,520290,Q
HE065,HE065,-28.1,677.04,,5.18,202.36,,MCD2017,MCD,2017,C7,fish,"13C, 15N",1.498,1806298,519987,Q
TL73,TL73,-29.96,662.75,,6.66,202.63,,MCD2017,MCD,2017,G11,fish,"13C, 15N",1.3,1806350,520055,Q
MCD455-2019,MCD455,-30.22,676.67,,8.17,202.66,,MCD2019-1,MCD,2019,A2,fish,"13C, 15N",1.3,1806497,520700,Q
MCD008,MCD008,-30.46,645.04,,7.84,202.72,,MCD2017,MCD,2017,D4,fish,"13C, 15N",1.4,1806307,519999,Q
SB308-2019,SB308,-38.9,670.64,,5.34,203.37,,SB2019,SB,2019,D8,fish,"13C, 15N",1.4,1806635,520884,Q
HE85,HE85,-32.3,686.43,,8.87,203.46,,SB2017,SB,2017,A10,fish,"13C, 15N",1.464,1806229,520228,Q
HE045,HE045,-28.13,659.64,,6.97,203.49,,MCD2017,MCD,2017,B12,fish,"13C, 15N",1.432,1806291,519975,Q
SBzoop81519,SBzoop81519,-31.54,262.85,,4.6,42.17,,SB2019,SB,2019,C1,zooplankton,"13C, 15N",0.9,1806616,520861,Q
HE068,HE068,-29.02,674.72,,10.02,203.5,,MCD2017,MCD,2017,A4,fish,"13C, 15N",1.474,1806271,519949,Q
SB103-2018,SB103,-32.62,667.98,,8.31,203.62,,SB2018,SB,2018,A2,fish,"13C, 15N",1.5,1806449,520383,Q
HE015,HE015,-33.2,649.87,,8.6,203.83,,SB2017,SB,2017,B1,fish,"13C, 15N",1.41,1806232,520237,Q
M8,M8,-27.06,653.51,,8.45,203.87,,MCD2017,MCD,2017,C3,fish,"13C, 15N",1.549,1806294,519983,Q
HE087,HE087,-28.4,650.94,,7.37,204.05,,MCD2017,MCD,2017,C8,fish,"13C, 15N",1.58,1806299,519988,Q
MCD576-2019,MCD576,-27.92,666.28,,9.32,204.41,,MCD2019-1,MCD,2019,G4,fish,"13C, 15N",1.5,1806571,520798,Q
AD2,AD2,-31.87,681.18,,11.23,204.45,,SB2018,SB,2018,B1,fish,"13C, 15N",1.6,1806460,520396,Q
MCD805-2018,MCD805,-27.19,658.84,,7.34,204.56,,MCD2018,MCD,2018,D4,fish,"13C, 15N",1.4,1806403,520331,Q
MCD072-2019,MCD072,-25.14,683.2,,6.97,204.72,,MCD2019-1,MCD,2019,H1,fish,"13C, 15N",1.4,1806580,520813,Q
SB138-2020,SB138,-32.61,659.04,,8.8,204.74,,SB2020,SB,2020,D5,fish,"13C, 15N",1.4,1806692,520981,Q
MCD301-2019,MCD301,-29.8,681.83,,6.65,204.75,,MCD2019-1,MCD,2019,B5,fish,"13C, 15N",1.4,1806512,520721,Q
SB339-2018,SB339,-43.51,667.27,,4.64,204.79,,SB2018,SB,2018,D10,fish,"13C, 15N",1.5,1806493,520437,Q
AA072,AA072,-30.82,676.16,,8.53,204.87,,MCD2020,MCD,2020,A3,zoobenthos,"13C, 15N",1.8,1806702,520989,Q
MCD302-2019,MCD302,-29.85,689.47,,6.44,205.02,,MCD2019-1,MCD,2019,H11,fish,"13C, 15N",1.4,1806590,520823,Q
AA033,AA033,-25.41,654.77,,4.86,205.06,,MCD2020,MCD,2020,C10,fish,"13C, 15N",1.4,1806733,521028,Q
MCD606-2018,MCD606,-30.42,671.81,,8.23,205.31,,MCD2018,MCD,2018,A2,fish,"13C, 15N",1.5,1806365,520286,Q
SB001-2019,SB001,-32.91,713.59,,6.17,205.36,,SB2019,SB,2019,A11,fish,"13C, 15N",1.5,1806602,520839,Q
SB1 a,SB1 a,-29.98,660.84,,10.43,206.05,,SB2017,SB,2017,A1,fish,"13C, 15N",1.395,1806220,520219,Q
SB311-2019,SB311,-32.71,685.16,,6.89,206.1,,SB2019,SB,2019,D3,fish,"13C, 15N",1.5,1806630,520879,Q
HE104,HE104,-30.58,659.02,,9.38,206.42,,SB2017,SB,2017,B2,fish,"13C, 15N",1.431,1806233,520238,Q
HE061,HE061,-27.75,652.63,,7.26,206.53,,MCD2017,MCD,2017,A12,fish,"13C, 15N",1.41,1806279,519957,Q
MCD242-2019,MCD242,-27.51,680.03,,8.71,206.58,,MCD2019-1,MCD,2019,F4,fish,"13C, 15N",1.5,1806559,520784,Q
TL49,TL49,-28.29,672.01,,7.88,206.64,,MCD2017,MCD,2017,G10,fish,"13C, 15N",1.3,1806349,520054,Q
MCD055-2019,MCD055,-26.61,684.74,,7.26,206.66,,MCD2019-1,MCD,2019,G12,fish,"13C, 15N",1.5,1806579,520806,Q
MCD126-2019,MCD126,-26.54,677.06,,7.47,206.93,,MCD2019-1,MCD,2019,H3,fish,"13C, 15N",1.3,1806582,520815,Q
MCD553-2019,MCD553,-30.92,676.67,,8.41,207.04,,MCD2019-1,MCD,2019,A1,fish,"13C, 15N",1.5,1806496,520699,Q
MCD233-2018,MCD233,-30.43,702.74,,6.59,207.04,,MCD2018,MCD,2018,D1,fish,"13C, 15N",1.5,1806400,520328,Q
MCD246-2020,MCD246,-26.07,667.97,,7.33,207.09,,MCD2020,MCD,2020,F3,fish,"13C, 15N",1.4,1806762,521069,Q
TL40,TL40,-30.29,675.47,,9.26,207.15,,SB2017,SB,2017,C9,fish,"13C, 15N",1.3,1806252,520261,Q
AA105,AA105,-26.74,686.04,,7.67,207.22,,MCD2020,MCD,2020,F9,fish,"13C, 15N",1.3,1806768,521075,Q
SBzoop81020,SBzoop81020,-36.84,868.15,,7.01,132.91,,SB2020,SB,2020,A5,zooplankton,"13C, 15N",2,1806656,520904,Q
SB086-2020,SB086,-33.08,677.26,,8.33,207.39,,SB2020,SB,2020,C1,fish,"13C, 15N",1.4,1806676,520959,Q
MCD556-2019,MCD556,-26.8,684.74,,6.84,207.44,,MCD20192,MCD,2019,A4,fish,"13C, 15N",1.5,1806799,521114,Q
M12,M12,-27.64,657.7,,8.55,207.51,,MCD2017,MCD,2017,F3,fish,"13C, 15N",1.4,1806330,520030,Q
SB040,SB040,-30.99,684.6,,9.75,207.52,,SB2017,SB,2017,C12,fish,"13C, 15N",1.4,1806255,520264,Q
MCD049,MCD049,-26.8,652.07,,8.87,207.59,,MCD2017,MCD,2017,F6,fish,"13C, 15N",1.4,1806333,520033,Q
HE062,HE062,-26.3,665.38,,6.97,208.21,,MCD2017,MCD,2017,B8,fish,"13C, 15N",1.526,1806287,519971,Q
HE084,HE084,-32.68,677.29,,8.28,208.26,,SB2017,SB,2017,B4,fish,"13C, 15N",1.511,1806235,520240,Q
SB12,SB12,-30.25,660.84,,11.59,208.26,,SB2017,SB,2017,D2,fish,"13C, 15N",1.4,1806257,520268,Q
SB074-2020,SB074,-31.71,684.12,,7.65,208.26,,SB2020,SB,2020,A11,fish,"13C, 15N",1.3,1806662,520910,Q
MCD151-2018,MCD151,-27.96,678.94,,7.87,208.43,,MCD2018,MCD,2018,E12,fish,"13C, 15N",1.5,1806423,520355,Q
HE012,HE012,-32.73,693.73,,7.97,208.63,,SB2017,SB,2017,A4,fish,"13C, 15N",1.448,1806223,520222,Q
MCD421-2018,MCD421,-27.8,669.98,,8.55,208.63,,MCD2018,MCD,2018,B7,fish,"13C, 15N",1.6,1806382,520302,Q
TL269,TL269,-27.51,669.83,,9.81,208.76,,MCD2017,MCD,2017,H1,fish,"13C, 15N",1.3,1806352,520063,Q
SB128-2018,SB128,-33.54,685.63,,8.98,208.85,,SB2018,SB,2018,B9,fish,"13C, 15N",1.4,1806468,520404,Q
MCD019-2019,MCD019,-30.15,686.13,,7.15,208.86,,MCD2019-1,MCD,2019,F2,fish,"13C, 15N",1.5,1806557,520782,Q
SB2 b,SB2 b,-30.75,662.36,,10.06,209.28,,SB2019,SB,2019,B6,fish,"13C, 15N",1.5,1806609,520848,Q
SB309-2019,SB309,-35.22,690.68,,6.1,209.54,,SB2019,SB,2019,D4,fish,"13C, 15N",1.6,1806631,520880,Q
SB320-2019,SB320,-32.66,694.94,,7.16,209.55,,SB2019,SB,2019,B1,fish,"13C, 15N",1.6,1806604,520843,Q
HE092,HE092,-29.21,682.95,,5.87,209.57,,MCD2017,MCD,2017,A6,fish,"13C, 15N",1.522,1806273,519951,Q
AA016,AA016,-27,669.28,,9.51,209.6,,MCD2020,MCD,2020,F12,fish,"13C, 15N",1.4,1806771,521078,Q
SB034-2018,SB034,-31.91,694.04,,5.34,209.62,,SB2018,SB,2018,D5,fish,"13C, 15N",1.5,1806488,520432,Q
MCD452-2018,MCD452,-25.58,684.6,,7,209.73,,MCD2018,MCD,2018,C2,fish,"13C, 15N",1.4,1806389,520311,Q
SB050-2018,SB050,-39.07,700.96,,6.96,209.79,,SB2018,SB,2018,A4,fish,"13C, 15N",1.4,1806451,520385,Q
MCD457-2019,MCD457,-30.37,694.8,,8.13,210.1,,MCD2019-1,MCD,2019,F5,fish,"13C, 15N",1.5,1806560,520785,Q
MCD417-2020,MCD417,-27.8,694.53,,7.35,210.15,,MCD2020,MCD,2020,D8,fish,"13C, 15N",1.5,1806743,521042,Q
MCD417-2019,MCD417,-28.19,680.12,,8.58,210.35,,MCD2019-1,MCD,2019,G2,fish,"13C, 15N",1.5,1806569,520796,Q
SB307-2018,SB307,-30.8,690.04,,10.44,210.41,,SB2018,SB,2018,D9,fish,"13C, 15N",1.4,1806492,520436,Q
MCD159-2019,MCD159,-29.87,691.97,,8.05,210.44,,MCD2019-1,MCD,2019,F3,fish,"13C, 15N",1.5,1806558,520783,Q
MCD050,MCD050,-28.46,673.57,,7.48,210.77,,MCD2017,MCD,2017,E3,fish,"13C, 15N",1.4,1806318,520015,Q
TL145,TL145,-26.79,681.24,,7.5,210.86,,MCD2017,MCD,2017,G3,fish,"13C, 15N",1.4,1806342,520047,Q
SB115,SB115,-35.38,673.64,,8.98,211.21,,SB2017,SB,2017,B11,fish,"13C, 15N",1.4,1806242,520247,Q
MCD026-2019,MCD026,-26.26,712.8,,6.14,211.38,,MCD2019-1,MCD,2019,G6,fish,"13C, 15N",1.5,1806573,520800,Q
HE138,HE138,-29.05,722.96,,5.8,211.43,,MCD2017,MCD,2017,C9,fish,"13C, 15N",1.576,1806300,519989,Q
MCD152-2019,MCD152,-28.12,686.31,,7.21,211.53,,MCD2019-1,MCD,2019,H7,fish,"13C, 15N",1.4,1806586,520819,Q
MCD161-2018,MCD161,-28.17,695.9,,8.8,211.65,,MCD2018,MCD,2018,D6,fish,"13C, 15N",1.5,1806405,520333,Q
HE031,HE031,-32.05,685.44,,5.45,211.8,,MCD2017,MCD,2017,B3,fish,"13C, 15N",1.526,1806282,519966,Q
MCD139-2018,MCD139,-27.86,694.84,,7.18,211.81,,MCD2018,MCD,2018,E6,fish,"13C, 15N",1.5,1806417,520349,Q
MCD674-2018,MCD674,-28.14,691.08,,8.12,211.85,,MCD2018,MCD,2018,D11,fish,"13C, 15N",1.4,1806410,520338,Q
MCD006-2019,MCD006,-26.36,700.49,,7.49,211.9,,MCD2019-1,MCD,2019,G10,fish,"13C, 15N",1.5,1806577,520804,Q
TL140,TL140,-29.59,713.81,,6.76,211.94,,MCD2018,MCD,2018,B8,fish,"13C, 15N",1.5,1806383,520303,Q
SB016-2020,SB016,-28.62,699.57,,9.1,212.31,,SB2020,SB,2020,C6,fish,"13C, 15N",1.5,1806681,520964,Q
MCDzoop81020,MCDzoop81020,-30.31,566.02,,7.59,168.41,,MCD2020,MCD,2020,A5,zooplankton,"13C, 15N",1.9,1806704,520991,Q
MCD269-2019,MCD269,-24.21,701.39,,4.01,212.46,,MCD2019-1,MCD,2019,E6,zoobenthos,"13C, 15N",1.4,1806549,520770,Q
MCD166-2018,MCD166,-28.09,693.6,,8.25,212.78,,MCD2018,MCD,2018,D7,fish,"13C, 15N",1.5,1806406,520334,Q
SB117-2018,SB117,-34.39,698.52,,8.74,212.85,,SB2018,SB,2018,B3,fish,"13C, 15N",1.5,1806462,520398,Q
SB265-2019,SB265,-32.47,708.92,,5.92,212.91,,SB2019,SB,2019,B10,fish,"13C, 15N",1.5,1806613,520852,Q
MCD237-2019,MCD237,-25.3,701.64,,5.79,213.28,,MCD2019-1,MCD,2019,B8,fish,"13C, 15N",1.3,1806515,520724,Q
MCD187-2019,MCD187,-27.52,722.64,,6.81,213.29,,MCD2019-1,MCD,2019,H8,fish,"13C, 15N",1.6,1806587,520820,Q
SB146-2020,SB146,-33.04,708.42,,8.83,213.29,,SB2020,SB,2020,A8,fish,"13C, 15N",1.5,1806659,520907,Q
SB139-2020,SB139,-33.73,706.12,,7.67,214.09,,SB2020,SB,2020,B10,fish,"13C, 15N",1.5,1806673,520925,Q
MCD442-2019,MCD442,-27.35,683.99,,9.22,214.11,,MCD2019-1,MCD,2019,C10,fish,"13C, 15N",1.4,1806529,520742,Q
MCD275-2019,MCD275,-29.27,719.5,,5.6,214.21,,MCD2019-1,MCD,2019,B7,fish,"13C, 15N",1.5,1806514,520723,Q
MCD317-2019,MCD317,-27.33,731.1,,6.08,214.62,,MCD2019-1,MCD,2019,A11,fish,"13C, 15N",1.6,1806506,520709,Q
MCD771-2018,MCD771,-25.98,689.07,,6.82,214.76,,MCD2018,MCD,2018,D3,fish,"13C, 15N",1.5,1806402,520330,Q
MCD206-2018,MCD206,-26.92,701.04,,7.49,214.89,,MCD2018,MCD,2018,B4,fish,"13C, 15N",1.4,1806379,520299,Q
MCD148-2019,MCD148,-28.5,699.58,,7.91,215.05,,MCD2019-1,MCD,2019,H6,fish,"13C, 15N",1.5,1806585,520818,Q
SB082-2020,SB082,-31.16,698.52,,7.65,215.06,,SB2020,SB,2020,A7,fish,"13C, 15N",1.6,1806658,520906,Q
M25,M25,-26.73,665.63,,9.14,215.24,,MCD2017,MCD,2017,B6,fish,"13C, 15N",1.585,1806285,519969,Q
SB2 a,SB2 a,-30.45,682.78,,11.12,215.26,,SB2017,SB,2017,A9,fish,"13C, 15N",1.501,1806228,520227,Q
HE111,HE111,-33.11,699.21,,8.02,215.26,,SB2017,SB,2017,B3,fish,"13C, 15N",1.516,1806234,520239,Q
MCD264-2019,MCD264,-27.52,763.52,,6.21,215.26,,MCD2019-1,MCD,2019,A4,fish,"13C, 15N",1.6,1806499,520702,Q
MCD558-2019,MCD558,-28.71,692.51,,5.94,216.44,,MCD2019-1,MCD,2019,C6,fish,"13C, 15N",1.5,1806525,520738,Q
MCD056-2018,MCD056,-28.2,709.54,,6.51,217.06,,MCD2018,MCD,2018,E1,fish,"13C, 15N",1.5,1806412,520344,Q
SB293-2019,SB293,-28.58,696.4,,8.51,217.45,,SB2019,SB,2019,B12,fish,"13C, 15N",1.5,1806615,520854,Q
TL160,TL160,-30.01,685.82,,7.88,217.7,,MCD2017,MCD,2017,D9,fish,"13C, 15N",1.5,1806312,520004,Q
AA030,AA030,-26.92,707.21,,7.11,217.81,,MCD2020,MCD,2020,C7,fish,"13C, 15N",1.4,1806730,521025,Q
MCD080-2018,MCD080,-30.08,710.16,,6.34,217.84,,MCD2018,MCD,2018,C12,fish,"13C, 15N",1.5,1806399,520321,Q
MCD037-2019,MCD037,-28.47,712.16,,6.77,217.88,,MCD2019-1,MCD,2019,H5,fish,"13C, 15N",1.5,1806584,520817,Q
SB291-2019,SB291,-32.81,716.16,,9.61,218.32,,SB2019,SB,2019,A4,fish,"13C, 15N",1.6,1806595,520832,Q
SB321-2019,SB321,-33.07,724.83,,7.55,218.37,,SB2019,SB,2019,B2,fish,"13C, 15N",1.5,1806605,520844,Q
SB238-2019,SB238,-32.72,757.94,,6.07,218.47,,SB2019,SB,2019,D11,fish,"13C, 15N",1.5,1806638,520887,Q
MCD364-2020,MCD364,-28.63,731.42,,7.01,218.83,,MCD2020,MCD,2020,A11,fish,"13C, 15N",1.5,1806710,520997,Q
HE048,HE048,-25.96,709.69,,6.74,219.27,,MCD2017,MCD,2017,C10,fish,"13C, 15N",1.567,1806301,519990,Q
MCD2,MCD2,-27.01,692.78,,8.67,219.55,,MCD2019-1,MCD,2019,D11,fish,"13C, 15N",1.4,1806542,520757,Q
SB366-2019,SB366,-36.17,707.79,,7.12,219.65,,SB2019,SB,2019,E1,fish,"13C, 15N",1.6,1806640,520891,Q
SB21,SB21,-31.94,704.69,,11.23,220.78,,SB2017,SB,2017,A5,fish,"13C, 15N",1.537,1806224,520223,Q
SB004-2019,SB004,-30.75,759.25,,6.12,221.07,,SB2019,SB,2019,A10,fish,"13C, 15N",1.6,1806601,520838,Q
SB155-2020,SB155,-29.53,726.38,,10.12,221.08,,SB2020,SB,2020,B11,fish,"13C, 15N",1.5,1806674,520926,Q
HE113,HE113,-32.59,722.94,,8.4,221.15,,SB2017,SB,2017,A12,fish,"13C, 15N",1.588,1806231,520230,Q
CS08,CS08,-28.12,697.39,,9.14,221.15,,MCD2018,MCD,2018,B11,fish,"13C, 15N",1.4,1806386,520306,Q
MCD838-2018,MCD838,-28.34,721.55,,7.56,221.19,,MCD2018,MCD,2018,F12,fish,"13C, 15N",1.4,1806435,520369,Q
SB290-2019,SB290,-32.03,718.12,,9.73,221.23,,SB2019,SB,2019,C7,fish,"13C, 15N",1.6,1806622,520867,Q
AD3,AD3,-31.2,712.85,,10.08,221.4,,SB2018,SB,2018,C12,fish,"13C, 15N",1.5,1806483,520423,Q
SB3,SB3,-31.25,706.64,,10.48,221.71,,SB2019,SB,2019,B7,fish,"13C, 15N",1.5,1806610,520849,Q
MCD223-2019,MCD223,-24.95,732.82,,6.98,221.97,,MCD2019-1,MCD,2019,A7,fish,"13C, 15N",1.5,1806502,520705,Q
HE066,HE066,-29.32,714.24,,6,222.02,,MCD2017,MCD,2017,B1,fish,"13C, 15N",1.594,1806280,519964,Q
MCD131-2018,MCD131,-26.42,722.94,,6.23,222.25,,MCD2018,MCD,2018,B2,fish,"13C, 15N",1.5,1806377,520297,Q
MCD861-2018,MCD861,-29.67,722.94,,6.62,222.25,,MCD2018,MCD,2018,B12,fish,"13C, 15N",1.4,1806387,520307,Q
MCD497-2019,MCD497,-25.5,737.75,,6.45,223.49,,MCD2019-1,MCD,2019,H9,fish,"13C, 15N",1.6,1806588,520821,Q
SB14,SB14,-30.55,724.76,,10.99,223.72,,SB2017,SB,2017,A6,fish,"13C, 15N",1.584,1806225,520224,Q
MCD076-2019,MCD076,-27.2,741.14,,7,223.77,,MCD2019-1,MCD,2019,H2,fish,"13C, 15N",1.5,1806581,520814,Q
MCD239-2019,MCD239,-26.59,721.26,,9.65,224.28,,MCD2019-1,MCD,2019,D9,fish,"13C, 15N",1.5,1806540,520755,Q
MCD289-2019,MCD289,-29.09,736.28,,7.09,224.54,,MCD2019-1,MCD,2019,C8,fish,"13C, 15N",1.6,1806527,520740,Q
SB210-2018,SB210,-30.78,732.56,,9.65,225.55,,SB2018,SB,2018,C4,fish,"13C, 15N",1.5,1806475,520417,Q
MCD436-2018,MCD436,-27.96,733.41,,7.2,225.69,,MCD2018,MCD,2018,D8,fish,"13C, 15N",1.5,1806407,520335,Q
MCD610-2019,MCD610,-31.39,743.26,,6.06,226.24,,MCD2019-1,MCD,2019,A9,fish,"13C, 15N",1.4,1806504,520707,Q
SB316-2019,SB316,-35.7,744.5,,5.98,226.49,,SB2019,SB,2019,D6,fish,"13C, 15N",1.5,1806633,520882,Q
SB284-2019,SB284,-31.95,741.77,,8.8,226.55,,SB2019,SB,2019,E2,fish,"13C, 15N",1.6,1806641,520892,Q
HE075,HE075,-27.92,710.16,,8.15,226.84,,MCD2017,MCD,2017,A1,fish,"13C, 15N",1.588,1806268,519946,Q
HE076,HE076,-31.74,739.35,,8.54,227.4,,SB2017,SB,2017,A8,fish,"13C, 15N",1.557,1806227,520226,Q
SB383-2019,SB383,-32.67,757.32,,6.56,227.64,,SB2019,SB,2019,C3,fish,"13C, 15N",1.5,1806618,520863,Q
SB315-2019,SB315,-35.5,756.81,,5.98,228.11,,SB2019,SB,2019,D7,fish,"13C, 15N",1.6,1806634,520883,Q
SB20,SB20,-31.79,728.41,,11.08,228.13,,SB2017,SB,2017,A7,fish,"13C, 15N",1.566,1806226,520225,Q
SB379-2019,SB379,-32.8,743.24,,7.45,228.16,,SB2019,SB,2019,C4,fish,"13C, 15N",1.6,1806619,520864,Q
SB310-2019,SB310,-32.03,753.05,,6.86,228.24,,SB2019,SB,2019,B3,fish,"13C, 15N",1.5,1806606,520845,Q
SB1 b,SB1 b,-31,720.38,,10.48,228.35,,SB2019,SB,2019,D9,fish,"13C, 15N",1.6,1806636,520885,Q
MCD290-2019,MCD290,-28.69,748.86,,6.42,228.52,,MCD2019-1,MCD,2019,C1,fish,"13C, 15N",1.6,1806520,520733,Q
MCD011-2019,MCD011,-28.22,765.22,,7.11,228.73,,MCD2019-1,MCD,2019,G11,fish,"13C, 15N",1.6,1806578,520805,Q
HE096,HE096,-29.7,726.79,,6.46,229.24,,MCD2017,MCD,2017,B2,fish,"13C, 15N",1.594,1806281,519965,Q
MCD555-2019,MCD555,-24.95,733.15,,6.71,229.28,,MCD20192,MCD,2019,A3,fish,"13C, 15N",1.6,1806798,521113,Q
MCD415-2019,MCD415,-29.34,741.22,,7.96,229.78,,MCD2019-1,MCD,2019,G1,fish,"13C, 15N",1.6,1806568,520795,Q
MCD295-2020,MCD295,-30.25,780.71,,6.92,229.88,,MCD2020,MCD,2020,A12,fish,"13C, 15N",1.4,1806711,520998,Q
MCDzb81518,MCDzb81518,-27.85,975.26,,0.37,229.97,,MCD2018,MCD,2018,C5,zoobenthos,"13C, 15N",2.1,1806392,520314,Q
MCD238-2019,MCD238,-26.49,763.41,,6.73,230.38,,MCD2019-1,MCD,2019,B9,fish,"13C, 15N",1.5,1806516,520725,Q
MCD276-2019,MCD276,-27.2,765.86,,6,230.43,,MCD20192,MCD,2019,A2,fish,"13C, 15N",1.5,1806797,521112,Q
MCD291-2019,MCD291,-25.61,807.78,,4.97,230.97,,MCD2019-1,MCD,2019,B1,fish,"13C, 15N",1.6,1806508,520717,Q
MCD286-2018,MCD286,-30.4,759.39,,7.23,232.54,,MCD2018,MCD,2018,C8,fish,"13C, 15N",1.5,1806395,520317,Q
SB361-2018,SB361,-29.22,731.59,,9.6,233.04,,SB2018,SB,2018,B4,fish,"13C, 15N",1.6,1806463,520399,Q
MCD485-2019,MCD485,-28.48,757.93,,7.37,233.87,,MCD2019-1,MCD,2019,F11,fish,"13C, 15N",1.6,1806566,520791,Q
MCD157-2019,MCD157,-29.56,784.47,,6.69,233.93,,MCD2019-1,MCD,2019,A6,fish,"13C, 15N",1.6,1806501,520704,Q
MCD147-2019,MCD147,-23.37,765.25,,4.38,234.63,,MCD2019-1,MCD,2019,B12,fish,"13C, 15N",1.4,1806519,520728,Q
MCD877-2018,MCD877,-31.93,779.42,,5.39,236.21,,MCD2018,MCD,2018,C1,fish,"13C, 15N",1.5,1806388,520310,Q
SB039-2020,SB039,-32.56,794.97,,6.45,237.63,,SB2020,SB,2020,A10,fish,"13C, 15N",1.6,1806661,520909,Q
CS07,CS07,-27.4,761.21,,8.56,239.15,,MCD2018,MCD,2018,B10,fish,"13C, 15N",1.5,1806385,520305,Q
MCD070-2019,MCD070,-26.84,1153.69,,6.39,241.59,,MCD2019-1,MCD,2019,D3,fish,"13C, 15N",1.3,1806534,520749,Q
MCD037-2018,MCD037,-30.39,786.7,,7.63,241.71,,MCD2018,MCD,2018,C7,fish,"13C, 15N",1.6,1806394,520316,Q
MCD241-2019,MCD241,-30.86,777.74,,6.56,242.79,,MCD2019-1,MCD,2019,A10,fish,"13C, 15N",1.6,1806505,520708,Q
MCD130-2019,MCD130,-23.92,823.79,,6.78,251.6,,MCD2019-1,MCD,2019,D4,fish,"13C, 15N",1.5,1806535,520750,Q
SB355-2018,SB355,,,no sample present,,,,SB2018,SB,2018,C7,fish,"13C, 15N",1.4,1806478,,
SB038-2018,SB038,,,no sample present,,,,SB2018,SB,2018,C8,fish,"13C, 15N",1.3,1806479,,
MCD313-2019,MCD313,,,No signal,,,No signal,MCD2019-1,MCD,2019,C12,fish,"13C, 15N",1.4,1806531,520744,Q
MCD321-2019,MCD321,,,No signal,,,No signal,MCD2019-1,MCD,2019,D1,fish,"13C, 15N",1.2,1806532,520747,Q
MCD479-2019,MCD479,,,Multiple samples together,,,Multiple samples together,MCD2019-1,MCD,2019,D2,fish,"13C, 15N",1.5,1806533,520748,Q